Timestamp,Email address,Name,I feel fine ,I tire quickly ,  I feel like crying  ,I wish I could be as happy as others seem to be ,I am losing opportunities because I cannot make decisions fast ,I feel rested ,I am calm ,I feel that difficulties are piling up in such a way that I cannot overcome them ,  I worry too much about things that do not really matter  ,I am happy  ,I am inclined to take things hard  ,  I lack self-confidence  ,I feel secure  ,I try to avoid facing a crisis or difficulty ,  I feel blue  ,  I am content  ,  Some unimportant thoughts run through my mind and bother me  ,  I take disappointments so keenly that I cannot get them out of my mind  ,I am a steady person  , I become tense and upset when I think about my current concerns  
10/04/2024 14:49:07,,Mayankit ,3,3,1,3,3,2,3,4,3,4,3,4,3,3,3,3,4,4,3,3
10/04/2024 16:13:21,,Ajitesh Shree ,4,2,1,2,4,2,1,2,4,3,4,4,2,3,1,2,3,4,2,3
10/04/2024 17:43:17,,Bhavishya Prakash Singh ,4,1,1,1,1,4,4,1,1,4,1,1,4,1,2,4,1,1,4,1
10/04/2024 21:58:30,,Nandini Goel,3,2,2,1,1,3,3,1,3,3,3,1,3,3,1,3,2,2,3,2
10/04/2024 22:02:12,,Anshul Jain,4,1,1,1,1,4,4,1,1,4,1,1,4,4,1,4,1,1,2,1
10/04/2024 22:05:00,,Sanmati Pande ,4,2,3,2,1,2,3,1,2,3,3,1,4,3,1,4,4,3,4,3
10/04/2024 22:20:08,,Chhavi,3,3,3,4,1,4,3,1,1,3,3,2,3,3,2,3,4,2,3,3
11/04/2024 16:44:50,,Ashi Vijayvargiya,3,2,1,3,1,4,3,3,3,4,3,1,4,3,1,4,3,2,2,3
11/04/2024 16:47:52,,Bhanupratap,4,2,1,4,1,3,4,1,1,4,3,1,4,1,1,3,1,1,3,1
11/04/2024 16:48:30,,Huzaif,3,2,1,3,2,3,3,2,2,3,3,2,4,3,2,2,3,3,2,2
11/04/2024 16:51:51,,Sameer Verma ,3,3,4,1,2,2,3,3,1,3,1,4,1,2,3,3,2,2,2,3
11/04/2024 16:53:39,,Abhishek Kumar,3,2,2,2,2,1,2,2,2,3,2,2,3,2,2,3,3,2,3,2
11/04/2024 16:54:49,,Rohit Raj ,3,1,2,1,4,2,4,2,1,3,3,1,3,2,1,1,2,1,4,4
11/04/2024 16:59:47,,Ruchit ,2,4,2,4,4,3,3,4,2,2,1,3,3,4,3,2,4,2,3,3
11/04/2024 17:09:15,,Prashant,4,2,2,4,3,3,4,2,4,2,4,2,2,1,2,4,2,2,4,2